key,es,en,de,pt,fr,it
languageEmoji,üá¶üá∑,üá¨üáß,üá©üá™,üáßüá∑,üá´üá∑,üáÆüáπ
language,Espa√±ol,English,Deutsch,Portugu√™s,Fran√ßais,Italiano
BinarioNoEncontradoException,Objeto no encontrado: {0},Object not found: {0},Objekt nicht gefunden: {0},Objeto n√£o encontrado: {0},Objet introuvable¬†: {0},Oggetto non trovato: {0}
CheckpointTooBigException,"No se puede guardar el checkpoint. El tama√±o del checkpoint seria de {0}, mientras que el maximo especificado es de {1}","The checkpoint cannot be saved. The checkpoint size would be {0}, while the maximum specified is {1}.","Der Pr√ºfpunkt konnte nicht gespeichert werden. Die Pr√ºfpunktgr√∂√üe w√§re {0}, w√§hrend der maximal angegebene Wert {1} betr√§gt.","O ponto de verifica√ß√£o n√£o pode ser salvo. O tamanho do ponto de verifica√ß√£o seria {0}, enquanto o m√°ximo especificado √© {1}.","Le point de contr√¥le ne peut pas √™tre enregistr√©. Sa taille serait de {0}, alors que la valeur maximale sp√©cifi√©e est de {1}.","Impossibile salvare il checkpoint. La dimensione del checkpoint sarebbe {0}, mentre la dimensione massima specificata √® {1}."
CouldNotDeleteException,No se pudo borrar {0},Could not delete {0},{0} konnte nicht gel√∂scht werden,N√£o foi poss√≠vel excluir {0},Impossible de supprimer {0},Impossibile eliminare {0}
NameTooLong,El nombre es demasiado largo (m√°x. 255 caracteres).,The name is too long (max. 255 characters).,Der Name ist zu lang (max. 255 Zeichen).,O nome √© muito longo (m√°ximo de 255 caracteres).,Le nom est trop long (max. 255 caract√®res).,Il nome √® troppo lungo (max. 255 caratteri).
DescTooLong,La descripcion ingresada es demasiado larga,The description entered is too long,Die eingegebene Beschreibung ist zu lang,A descri√ß√£o inserida √© muito longa.,La description saisie est trop longue.,La descrizione inserita √® troppo lunga
TextTooLong,El texto ingresado es demasiado largo.,The text entered is too long.,Der eingegebene Text ist zu lang.,O texto inserido √© muito longo.,Le texte saisi est trop long.,Il testo inserito √® troppo lungo.
OperationTooLong,La operaci√≥n tard√≥ demasiado. Intenta nuevamente,The operation took too long. Please try again.,Der Vorgang hat zu lange gedauert. Bitte versuchen Sie es erneut.,"A opera√ß√£o demorou muito tempo. Por favor, tente novamente.",L'op√©ration a pris trop de temps. Veuillez r√©essayer.,L'operazione ha richiesto troppo tempo. Riprova.
NoDBConnection,No se pudo conectar a la base de datos,Could not connect to the database,Es konnte keine Verbindung zur Datenbank hergestellt werden.,N√£o foi poss√≠vel conectar ao banco de dados.,Impossible de se connecter √† la base de donn√©es,Impossibile connettersi al database
DBUnknownError,Ocurri√≥ un error al acceder a la base de datos,An error occurred while accessing the database,Beim Zugriff auf die Datenbank ist ein Fehler aufgetreten.,Ocorreu um erro ao acessar o banco de dados.,Une erreur s'est produite lors de l'acc√®s √† la base de donn√©es.,Si √® verificato un errore durante l'accesso al database
UnknownError,Ocurri√≥ un error inesperado: {0},An unexpected error occurred: {0},Es ist ein unerwarteter Fehler aufgetreten: {0},Ocorreu um erro inesperado: {0},Une erreur inattendue s'est produite¬†: {0},Si √® verificato un errore imprevisto: {0}
MenuInicio,Menu principal,Main Menu,Hauptmen√º,Menu principal,Menu principal,Menu principale
MenuCargarJuego,üìÇ  Cargar Juego,üìÇ Load Game,üìÇ Spiel laden,üìÇ Carregar Jogo,üìÇ Charger le jeu,üìÇ Carica gioco
MenuElegirJuego,üéÆ  Elegir Juego,üéÆ Choose Game,üéÆ W√§hle ein Spiel,üéÆ Escolha o jogo,üéÆ Choisissez un jeu,üéÆ Scegli il gioco
MenuOpciones,‚öô Opciones,‚öô Options,‚öô Optionen,‚öô Op√ß√µes,‚öô Options,‚öô Opzioni
NombreJuego,Nombre del juego,Game Name,Spielname,Nome do jogo,Nom du jeu,Nome del gioco
TituloJuego,TItulo del juego,Game Title,Spieltitel,T√≠tulo do jogo,Titre du jeu,Titolo del gioco
SaveFilePaths,Directorios de guardado,Save directories,Verzeichnisse speichern,Salvar diret√≥rios,R√©pertoires de sauvegarde,Salva le directory
IngresePath,Ingrese un directorio,Enter a directory,Geben Sie ein Verzeichnis ein,Digite um diret√≥rio,Saisissez un r√©pertoire,Inserisci una directory
Agregar,Agregar,Add,Hinzuf√ºgen,Adicionar,Ajouter,Aggiungere
ElegirCarpeta,Elegir carpeta,Choose folder,Ordner ausw√§hlen,Selecione a pasta,Choisir un dossier,Scegli cartella
ElegirArchivo,Elegir archivo,Choose file,Datei ausw√§hlen,Selecione o arquivo,Choisir un fichier,Scegli file
SeleccionarCarpeta,Seleccionar carpeta de guardado,Select save folder,Speicherordner ausw√§hlen,Selecione a pasta onde quer que voc√™ v√°.,S√©lectionnez le dossier de sauvegarde,Seleziona la cartella di salvataggio
SeleccionarArchivo,Seleccionar archivo de guardado,Select save file,Datei speichern,Selecione Salvar arquivo,S√©lectionnez le fichier de sauvegarde,Seleziona salva file
Confirmar,Confirmar,Confirm,Best√§tigen,Confirmar,Confirmer,Confermare
ConfirmarTItuloDefault,Esta seguro que desea guardar el juego con el titulo {0}?,Are you sure you want to save the game with the title {0}?,M√∂chtest du das Spiel wirklich unter dem Titel {0} speichern?,Tem certeza de que deseja salvar o jogo com o t√≠tulo {0}?,√ätes-vous s√ªr de vouloir enregistrer la partie sous le titre {0}¬†?,Sei sicuro di voler salvare il gioco con il titolo {0}?
ConfirmarSinDirectorios,Esta seguro que desea guardar un juego sin directorios de guardado?,Are you sure you want to save a game without save directories?,M√∂chtest du wirklich ein Spiel ohne Speicherverzeichnisse speichern?,Tem certeza de que deseja salvar um jogo sem diret√≥rios de salvamento?,√ätes-vous s√ªr de vouloir sauvegarder une partie sans r√©pertoire de sauvegarde¬†?,Sei sicuro di voler salvare una partita senza directory di salvataggio?
Cancelar,Cancelar,Cancel,Stornieren,Cancelar,Annuler,Cancellare
CargarJuego,Cargar Juego,Load Game,Spiel laden,Carregar jogo,Charger le jeu,Carica gioco
ElegirJuego,Elegir Juego,Choose Game,Spiel ausw√§hlen,Escolha o jogo,Choisir un jeu,Scegli il gioco
EliminarJuego,Eliminar Juego,Delete Game,Spiel l√∂schen,Excluir jogo,Supprimer le jeu,Elimina gioco
SeleccionarJuegoPrimero,"""Seleccione un juego primero""","""Select a game first""","""W√§hle zuerst ein Spiel aus""","""Primeiro, selecione um jogo""",¬´ Choisissez d'abord un jeu ¬ª,"""Seleziona prima un gioco"""
ConfirmarBorrarJuego,Esta seguro que desea eliminar {0} ?,Are you sure you want to delete {0}?,M√∂chten Sie {0} wirklich l√∂schen?,Tem certeza de que deseja excluir {0}?,√ätes-vous s√ªr de vouloir supprimer {0}¬†?,Sei sicuro di voler eliminare {0}?
Aceptar,Aceptar,Accept,Akzeptieren,Aceitar,Accepter,Accettare
EscribirParaConfirmar,"Escriba ""{0}"" para confirmar","Type ""{0}"" to confirm","Geben Sie ""{0}"" ein, um zu best√§tigen","Digite ""{0}"" para confirmar",Tapez ¬´¬†{0}¬†¬ª pour confirmer,"Digita ""{0}"" per confermare"
DirectorioInvalido,Directorio invalido,Invalid directory,Ung√ºltiges Verzeichnis,Diret√≥rio inv√°lido,R√©pertoire invalide,Directory non valida
JuegoBorradoConExito,"Se borro el juego ""{0}""","The game ""{0}"" was deleted","Das Spiel ""{0}"" wurde gel√∂scht","O jogo ""{0}"" foi exclu√≠do",Le jeu ¬´¬†{0}¬†¬ª a √©t√© supprim√©.,"Il gioco ""{0}"" √® stato eliminato"
EditarJuego,Editar juego,Edit game,Spiel bearbeiten,Editar jogo,Modifier le jeu,Modifica gioco
VolverAlInicio,Volver al Inicio,Back to Home,Zur√ºck zur Startseite,Voltar para a p√°gina inicial,Retour √† l'accueil,Torna alla Home
SeleccionarJuegoRegistrado,Seleccione un juego ya registrado,Select a game that's already registered,W√§hlen Sie ein bereits registriertes Spiel aus.,Selecione um jogo que j√° esteja registrado.,S√©lectionnez un jeu d√©j√† enregistr√©,Seleziona un gioco gi√† registrato
EditarJuegoAclaraNombre,Editar juego: {0},Edit game: {0},Spiel bearbeiten: {0},Editar jogo: {0},Modifier le jeu¬†: {0},Modifica gioco: {0}
EditarDirectorio,Editar directorio,Edit directory,Verzeichnis bearbeiten,Editar diret√≥rio,Modifier le r√©pertoire,Modifica directory
IngresarElNuevoDirectorio,Ingrese el nuevo directorio,Enter the new directory,Wechseln Sie in das neue Verzeichnis,Acesse o novo diret√≥rio,Entrez dans le nouveau r√©pertoire,Entra nella nuova directory
IngresarUnDirectorio,Ingrese un directorio,Enter a directory,Geben Sie ein Verzeichnis ein,Digite um diret√≥rio,Saisissez un r√©pertoire,Inserisci una directory
BorrarDirectoriosAdvertencia,"Esta seguro? Si elimina directorios, tambien se eliminaran los archivos guardados en los mismos dentro de cada checkpoint.","Are you sure? If you delete directories, the files stored within them at each checkpoint will also be deleted.","Sind Sie sicher? Wenn Sie Verzeichnisse l√∂schen, werden auch die darin gespeicherten Dateien bei jedem Pr√ºfpunkt gel√∂scht.","Tem certeza? Se voc√™ excluir diret√≥rios, os arquivos armazenados neles em cada ponto de verifica√ß√£o tamb√©m ser√£o exclu√≠dos.","√ätes-vous s√ªr¬†? Si vous supprimez des r√©pertoires, les fichiers qu‚Äôils contiennent √† chaque point de contr√¥le seront √©galement supprim√©s.","Sei sicuro? Se elimini delle directory, verranno eliminati anche i file in esse contenuti a ogni checkpoint."
GestionarJuego,Gestionar juego,Manage game,Spiel verwalten,Gerenciar jogo,G√©rer le jeu,Gestisci il gioco
IntentoAccederADirectorioProhibido,Se intento acceder a un directorio no permitido: {0},An attempt was made to access an unauthorized directory: {0},"Es wurde versucht, auf ein nicht autorisiertes Verzeichnis zuzugreifen: {0}",Foi feita uma tentativa de acesso a um diret√≥rio n√£o autorizado: {0},Une tentative d'acc√®s √† un r√©pertoire non autoris√© a √©t√© effectu√©e¬†: {0},√à stato effettuato un tentativo di accesso a una directory non autorizzata: {0}
ErrorGuardandoConfiguracionDeDirectorios,Error guardando configuraci√≥n de directorios: {0},Error saving directory configuration: {0},Fehler beim Speichern der Verzeichniskonfiguration: {0},Erro ao salvar a configura√ß√£o do diret√≥rio: {0},Erreur lors de l'enregistrement de la configuration du r√©pertoire¬†: {0},Errore durante il salvataggio della configurazione della directory: {0}
SinTitulo,Sin titulo,Untitled,Ohne Titel,Sem t√≠tulo,Sans titre,Senza titolo
Juego,Juego,Game,Spiel,Jogo,Jeu,Gioco
CrearPartida,Crear una nueva partida,Create a new playthrough,Erstelle ein neues Spiel,Criar um novo jogo,Cr√©er un nouveau jeu,Crea un nuovo gioco
IngresarNombrePartida,Ingrese el nombre de la partida,Enter the playthrough name,Gib den Spielnamen ein,Digite o nome do jogo,Saisissez le nom du jeu,Inserisci il nome del gioco
EliminarPartida,Eliminar Partida,Delete playthrough,Spiel l√∂schen,Excluir jogo,Supprimer le jeu,Elimina gioco
NoHayPartidaSeleccionada,No hay ninguna partida seleccionada,No playthrough selected,Kein Spiel ausgew√§hlt,Nenhum jogo selecionado,Aucun jeu s√©lectionn√©,Nessun gioco selezionato
ConfirmarBorrarPartida,"Esta seguro que desea eliminar la partida ""{0}""?","Are you sure you want to delete the playthrough ""{0}""?","M√∂chten Sie den Eintrag ""{0}"" wirklich l√∂schen?","Tem certeza de que deseja excluir a entrada ""{0}""?",√ätes-vous s√ªr de vouloir supprimer l'entr√©e ¬´¬†{0}¬†¬ª¬†?,"Sei sicuro di voler eliminare la voce ""{0}""?"
PartidaBorradaConExito,Se borro la partida {0} - {1},The playthrough {0} - {1} was deleted,Das Spiel {0} - {1} wurde gel√∂scht,O jogo {0} - {1} foi apagado,Le jeu {0} - {1} a √©t√© supprim√©.,Il gioco {0} - {1} √® stato eliminato
CambiarNombre,Cambiar Nombre,Change Name,Namens√§nderung,Alterar nome,Changer de nom,Cambia nome
SeleccionarPartidaCreada,Seleccione una partida ya creada,Select an existing playthrough,W√§hlen Sie ein vorhandenes Spiel aus,Selecione um jogo existente,S√©lectionnez un jeu existant,Seleziona un gioco esistente
Partida,Partida,Playthrough,Abfahrt,Partida,D√©part,Partenza
ElegirNuevoNombrePartida,Elija el nuevo nombre para la partida,Choose a new name for the playthrough,W√§hle einen neuen Namen f√ºr das Spiel.,Escolha um novo nome para o jogo.,Choisissez un nouveau nom pour le jeu,Scegli un nuovo nome per il gioco
GestionarPartida,Gestionar partida,Manage playthrough,Spiel verwalten,Gerenciar jogo,G√©rer le jeu,Gestisci il gioco
GuardarCheckpoint,Guardar checkpoint,Save checkpoint,Speicherpunkt,Salvar ponto de verifica√ß√£o,Sauvegarder le point de contr√¥le,Salva il checkpoint
CargarUltimoCheckpoint,Cargar √∫ltimo checkpoint,Load last checkpoint,Letzten Pr√ºfpunkt laden,Carregar √∫ltimo ponto de verifica√ß√£o,Charger le dernier point de contr√¥le,Carica l'ultimo checkpoint
CargarSeleccionado,Cargar seleccionado,Load selected,Ausgew√§hlte Ladung,Carregar selecionado,Charger la s√©lection,Carica selezionato
EliminarSeleccionado,Eliminar seleccionado,Delete selected,Ausgew√§hlte l√∂schen,Excluir selecionados,Supprimer la s√©lection,Elimina selezionato
ExportarSeleccionado,Exportar seleccionado,Export selected,Exportieren ausgew√§hlt,Exportar selecionado,Exporter la s√©lection,Esporta selezionato
ModificarRotacion,Modificar algoritmo de rotaci√≥n,Modify rotation algorithm,Rotationsalgorithmus modifizieren,Modificar algoritmo de rota√ß√£o,Modifier l'algorithme de rotation,Modifica l'algoritmo di rotazione
ConfirmarGuardarOtraPartidaCargada,"Actualmente hay otra partida cargada ( {0} ) . Esta seguro que desea guardar aqui?""",There is currently another playthrough loaded ( {0} ). Are you sure you want to save here?,Es ist bereits ein anderes Spiel geladen ( {0} ). M√∂chten Sie hier wirklich speichern?,H√° outro jogo carregado ( {0} ). Tem certeza de que deseja salvar aqui?,Une autre partie est d√©j√† charg√©e ( {0} ). √ätes-vous s√ªr de vouloir sauvegarder ici¬†?,Al momento √® caricato un altro gioco ({0}). Vuoi davvero salvare qui?
IngresarDatosCheckpoint,Ingrese los datos del checkpoint,Enter the checkpoint details,Geben Sie die Checkpoint-Details ein.,Insira os detalhes do ponto de controle,Saisissez les d√©tails du point de contr√¥le,Inserisci i dettagli del checkpoint
NombreOpcional,Nombre (opcional),Name (optional),Name (optional),Nome (opcional),Nom (facultatif),Nome (facoltativo)
DescripcionOpcional,Descripci√≥n (opcional),Description (optional),Beschreibung (optional),Descri√ß√£o (opcional),Description (facultatif),Descrizione (facoltativa)
ConfirmarCargarCheckpoint,Esta seguro que desea cargar este checkpoint ( {0} )?,Are you sure you want to load this checkpoint ( {0} )?,M√∂chten Sie diesen Pr√ºfpunkt ( {0} ) laden?,Tem certeza de que deseja carregar este ponto de verifica√ß√£o ( {0} )?,√ätes-vous s√ªr de vouloir charger ce point de contr√¥le ( {0} )¬†?,Sei sicuro di voler caricare questo checkpoint ( {0} )?
GuardarPartidaAntesDeCargar,Actualmente hay otra partida cargada en el sistema ( {0} ). Quiere guardar su progreso all√≠ antes de cargar esta?,There is currently another playthrough loaded in the system ({0}). Do you want to save your process there before loading this one?,"Es ist bereits ein anderes Spiel im System geladen ({0}). M√∂chten Sie Ihren Fortschritt dort speichern, bevor Sie dieses Spiel laden?",H√° outro jogo carregado no sistema ({0}). Deseja salvar seu progresso antes de carregar este?,Un autre jeu est actuellement charg√© dans le syst√®me ({0}). Voulez-vous sauvegarder votre progression avant de charger celui-ci¬†?,Al momento √® caricato un altro gioco nel sistema ({0}). Vuoi salvare i tuoi progressi l√¨ prima di caricare questo?
ExportarCheckpoint,Exportar checkpoint,Export checkpoint,Export-Checkpoint,Ponto de controle de exporta√ß√£o,Point de contr√¥le d'exportation,Punto di controllo dell'esportazione
ConfirmarBorrarCheckpoint,¬øDesea eliminar este checkpoint?,Do you want to delete this checkpoint?,M√∂chten Sie diesen Pr√ºfpunkt l√∂schen?,Deseja excluir este ponto de verifica√ß√£o?,Voulez-vous supprimer ce point de contr√¥le¬†?,Vuoi eliminare questo checkpoint?
ConfiguracionDeCheckpoints,Configuraci√≥n de Checkpoints,Checkpoint Configuration,Checkpoint-Konfiguration,Configura√ß√£o do ponto de verifica√ß√£o,Configuration du point de contr√¥le,Configurazione del checkpoint
LimiteDeCheckpoints,L√çMITE DE CHECKPOINTS:,CHECKPOINT LIMIT:,CHECKPOINT-LIMIT:,LIMITE DE PONTO DE VERIFICA√á√ÉO:,LIMITE DU POINT DE CONTR√îLE¬†:,LIMITE DEL CONTROLLO:
CheckpoiintsRecientesSeguros,CHECKPOINTS RECIENTES (SEGUROS):,RECENT CHECKPOINTS (INSURANCE):,Aktuelle Pr√ºfpunkte (Versicherung):,PONTOS DE VERIFICA√á√ÉO RECENTES (SEGURO):,POINTS DE CONTR√îLE R√âCENTS (ASSURANCE) :,CONTROLLI RECENTI (ASSICURAZIONE):
CapacidadMaximaTotal,CANTIDAD M√ÅXIMA TOTAL DE CHECKPOINTS:,MAXIMUM TOTAL NUMBER OF CHECKPOINTS:,MAXIMALE GESAMTANZAHL DER CHECKPOINTS:,N√öMERO M√ÅXIMO TOTAL DE PONTOS DE VERIFICA√á√ÉO:,NOMBRE TOTAL MAXIMUM DE POINTS DE CONTR√îLE¬†:,NUMERO MASSIMO TOTALE DI CONTROLLI:
EstrategiaDeRotacion,ESTRATEGIA DE ROTACI√ìN,ROTATION STRATEGY,Rotationsstrategie,ESTRAT√âGIA DE ROTA√á√ÉO,STRAT√âGIE DE ROTATION,STRATEGIA DI ROTAZIONE
ConfirmarEstrategiaRotacion,Esta seguro que quiere guardar esta estrategia de rotacion?,Are you sure you want to keep this rotation strategy?,"Sind Sie sicher, dass Sie diese Rotationsstrategie beibehalten m√∂chten?",Tem certeza de que deseja manter essa estrat√©gia de rota√ß√£o?,√ätes-vous s√ªr de vouloir conserver cette strat√©gie de rotation ?,Sei sicuro di voler mantenere questa strategia di rotazione?
ConfiguracionTitulo,Configuraci√≥n: Que directorios puede modificar el programa?,Configuration: Which directories can the program modify?,Konfiguration: Welche Verzeichnisse kann das Programm √§ndern?,Configura√ß√£o: Quais diret√≥rios o programa pode modificar?,Configuration : Quels r√©pertoires le programme peut-il modifier ?,Configurazione: quali directory pu√≤ modificare il programma?
Whitelist,Whitelist,Whitelist,Whitelist,Lista de permiss√µes,Liste blanche,Lista bianca
BlackList,BlackList,Blacklist,Schwarze Liste,Lista negra,Liste noire,Lista nera
WhitelistOverridesBlacklistTrueText,(Se permite modificar directorios que est√©n en ambas listas),(Modifying directories that are on both lists is permitted),"(Das √Ñndern von Verzeichnissen, die in beiden Listen enthalten sind, ist zul√§ssig.)",(√â permitido modificar diret√≥rios que estejam em ambas as listas),(La modification des r√©pertoires figurant sur les deux listes est autoris√©e),(√à consentita la modifica delle directory presenti in entrambi gli elenchi)
WhitelistOverridesBlacklistFalseText,(No se permite modificar directorios que est√©n en ambas listas),(Modifying directories that are on both lists is not allowed),"(Das √Ñndern von Verzeichnissen, die in beiden Listen enthalten sind, ist nicht erlaubt.)",(N√£o √© permitido modificar diret√≥rios que estejam em ambas as listas),(Il est interdit de modifier les r√©pertoires qui figurent sur les deux listes.),(Non √® consentito modificare le directory presenti in entrambi gli elenchi)
OverrideCheckbox,Whitelist toma prioridad sobre blacklist,Whitelist takes priority over blacklist,Die Whitelist hat Vorrang vor der Blacklist.,A lista branca tem prioridade sobre a lista negra.,La liste blanche prime sur la liste noire.,La whitelist ha la priorit√† sulla blacklist
DeleteFilesCheckbox,Tama√±o maximo de checkpoint,Maximum checkpoint size,Maximale Checkpoint-Gr√∂√üe,Tamanho m√°ximo do ponto de verifica√ß√£o,Taille maximale du point de contr√¥le,Dimensione massima del checkpoint
Tama√±oMaximoDeCheckpoint,Tama√±o maximo de checkpoint,Maximum checkpoint size,Maximale Checkpoint-Gr√∂√üe,Tamanho m√°ximo do ponto de verifica√ß√£o,Taille maximale du point de contr√¥le,Dimensione massima del checkpoint
DeleteFilesNotInCheckpointTrueText,(Los archivos del directorio de guardado que no esten en el checkpoint seran eliminados),(Files in the save directory that are not at the checkpoint will be deleted),"(Dateien im Speicherverzeichnis, die sich nicht im Pr√ºfpunkt befinden, werden gel√∂scht)",(Os arquivos no diret√≥rio de salvamento que n√£o estiverem no ponto de verifica√ß√£o ser√£o exclu√≠dos),(Les fichiers du r√©pertoire de sauvegarde qui ne correspondent pas au point de contr√¥le seront supprim√©s.),(I file nella directory di salvataggio che non si trovano al checkpoint verranno eliminati)
DeleteFilesNotInCheckpointFalseText,(No se eliminar√°n archivos al cargar el checkpoint),(Files will not be deleted when loading the checkpoint),(Die Dateien werden beim Laden des Pr√ºfpunkts nicht gel√∂scht.),(Os arquivos n√£o ser√£o exclu√≠dos ao carregar o ponto de verifica√ß√£o),(Les fichiers ne seront pas supprim√©s lors du chargement du point de contr√¥le),(I file non verranno eliminati durante il caricamento del checkpoint)
Configuracion,Configuracion,Configuration,Konfiguration,Configura√ß√£o,Configuration,Configurazione
ErrorGuardandoConfiguracionDeLenguaje,No se pudo guardar la configuracion de lenguaje: {0},The language settings could not be saved: {0},Die Spracheinstellungen konnten nicht gespeichert werden: {0},N√£o foi poss√≠vel salvar as configura√ß√µes de idioma: {0},Les param√®tres de langue n'ont pas pu √™tre enregistr√©s¬†: {0},Impossibile salvare le impostazioni della lingua: {0}